{"fold0_train_acc": 0.9974779319041615, "fold0_val_acc": 0.7398680490103676, "fold0_tmp_test_acc": 0.7293233082706767, "fold0_train_loss": 0.02293042466044426, "_runtime": 486, "_timestamp": 1642497245, "_step": 109, "fold0_best_test_acc": 0.7545180722891566, "fold0_best_val_acc": 0.7292452830188679, "fold0_best_epoch": 10, "test_acc": 71.70344950610892, "val_acc": 72.6362340605511, "test_acc_std": 2.337164067321759, "_wandb": {"runtime": 487}}